ID,Description,setSize,enrichmentScore,NES,pvalue,p.adjust,qvalue,rank,leading_edge,core_enrichment
PS51257,PS51257,10,0.8020475358553666,1.5955684376001766,0.00993898386945648,0.5267661450811933,0.5126423258982815,470,"tags=60%, list=20%, signal=48%",Q9BQP7/Q01813/Q8N3C0/P11047/P00338/P23921
PF00004,PF00004,16,0.7197303891434714,1.4946055633987787,0.007846610895282524,0.5267661450811933,0.5126423258982815,80,"tags=19%, list=3%, signal=18%",Q9UN37/Q8WVB6/P35249
PF00443,PF00443,10,0.7330229579563341,1.4582530878348836,0.043168253753545514,0.5719793622344781,0.5566432720851922,155,"tags=30%, list=6%, signal=28%",Q70CQ2/O94966/O94782
PS00972,PS00972,10,0.7330229579563341,1.4582530878348836,0.043168253753545514,0.5719793622344781,0.5566432720851922,155,"tags=30%, list=6%, signal=28%",Q70CQ2/O94966/O94782
PS00973,PS00973,10,0.7330229579563341,1.4582530878348836,0.043168253753545514,0.5719793622344781,0.5566432720851922,155,"tags=30%, list=6%, signal=28%",Q70CQ2/O94966/O94782
PS50235,PS50235,10,0.7330229579563341,1.4582530878348836,0.043168253753545514,0.5719793622344781,0.5566432720851922,155,"tags=30%, list=6%, signal=28%",Q70CQ2/O94966/O94782
PS00674,PS00674,13,0.7017237132326956,1.4208799517764632,0.03196803196803197,0.5719793622344781,0.5566432720851922,1,"tags=8%, list=0%, signal=8%",Q9UN37
PF17862,PF17862,12,0.7019364430039168,1.4160477493220327,0.03296703296703297,0.5719793622344781,0.5566432720851922,1,"tags=8%, list=0%, signal=8%",Q9UN37
PF01399,PF01399,13,0.678181477266471,1.3732106333914555,0.055944055944055944,0.6588966588966589,0.6412301149143255,285,"tags=38%, list=12%, signal=34%",Q13098/Q15008/O43242/Q9BT78/Q9UBW8
PS51450,PS51450,12,0.671835853184907,1.355324484571642,0.06393606393606394,0.6777222777222777,0.6595509753404489,498,"tags=50%, list=21%, signal=40%",Q92688/Q9Y2I1/Q96AG4/Q8N1G4/Q6UWE0/Q96CX6
PS50077,PS50077,10,0.6709101590900208,1.3346878164368439,0.09090909090909091,0.8658400423106305,0.8426248673926692,339,"tags=50%, list=14%, signal=43%",P30154/Q86Y56/Q8TF05/Q8TEX9/Q92616
PS50118,PS50118,10,0.651360380169792,1.2957960939232753,0.11288711288711288,0.8658400423106305,0.8426248673926692,641,"tags=40%, list=27%, signal=29%",Q08945/Q00059/O15347/O75717
PF00515,PF00515,10,0.6503766128959517,1.2938390178873649,0.11488511488511488,0.8658400423106305,0.8426248673926692,122,"tags=20%, list=5%, signal=19%",Q99614/O43765
PS50250,PS50250,16,0.6034593026451528,1.2531548544053497,0.12387612387612387,0.8658400423106305,0.8426248673926692,285,"tags=31%, list=12%, signal=28%",Q13098/Q15008/O43242/Q9BT78/Q9UBW8
PS01359,PS01359,12,0.6190132346415887,1.2487630560447793,0.13886113886113885,0.8658400423106305,0.8426248673926692,831,"tags=67%, list=35%, signal=44%",Q9UK53/Q12830/Q92794/Q9BY66/Q9UPN9/Q14839/Q9BTC0/Q13263
PS50016,PS50016,12,0.6190132346415887,1.2487630560447793,0.13886113886113885,0.8658400423106305,0.8426248673926692,831,"tags=67%, list=35%, signal=44%",Q9UK53/Q12830/Q92794/Q9BY66/Q9UPN9/Q14839/Q9BTC0/Q13263
ENZYME_2,ENZYME_2,135,0.47079554001827084,1.1234082375797885,0.1028971028971029,0.8658400423106305,0.8426248673926692,739,"tags=36%, list=31%, signal=27%",O43252/Q8IVS2/Q9Y697/P17858/Q9BZX2/P12532/Q8TD30/P07741/Q9Y617/P09884/Q6YP21/P00492/O43148/Q01813/P06213/O75390/P35573/Q15418/P23786/Q06210/Q01581/P36507/Q16222/P22087/P50416/P09874/P19623/Q9BYW2/P22102/P54819/P07947/P51003/P15531/P30085/P52788/O15294/Q8NEB9/P06493/O75223/Q06203/Q9BRS2/O96007/P37837/Q9BWD1/P54886/Q9NP73/Q9NYU2/P24752/P00558
PF13181,PF13181,18,0.5763123441174782,1.206599721356503,0.15984015984015984,0.9412809412809413,0.9160430213061791,226,"tags=22%, list=9%, signal=20%",Q99614/O43765/Q6PD62/Q99615
PS50030,PS50030,11,0.5984078061869402,1.1999044628252031,0.2007992007992008,0.980671502410633,0.9543774303499704,195,"tags=18%, list=8%, signal=17%",Q96EP0/P61086
PF07653,PF07653,10,0.601788367397257,1.1971790725720208,0.21178821178821178,0.980671502410633,0.9543774303499704,482,"tags=40%, list=20%, signal=32%",Q9UDY2/P52735/Q07157/Q9UQB8
PF00226,PF00226,13,0.5799787136772764,1.1743655105009598,0.2127872127872128,0.980671502410633,0.9543774303499704,226,"tags=38%, list=9%, signal=35%",Q8IXB1/Q96EY1/P25685/Q96KC8/Q99615
PS50076,PS50076,13,0.5799787136772764,1.1743655105009598,0.2127872127872128,0.980671502410633,0.9543774303499704,226,"tags=38%, list=9%, signal=35%",Q8IXB1/Q96EY1/P25685/Q96KC8/Q99615
ENZYME_1,ENZYME_1,102,0.46416563143150774,1.094084651395114,0.17882117882117882,0.980671502410633,0.9543774303499704,940,"tags=46%, list=39%, signal=29%",P07919/P14550/P04179/Q9Y6M9/Q3SY69/Q00796/O15460/P40925/P15954/P49419/P31040/P16152/Q02252/O95139/P30041/O95881/P00338/P09622/P51970/P31350/P02794/Q16836/P35270/P48735/O60701/P23921/Q96C36/O75251/P10606/P11413/P04406/P51553/P49821/P50213/Q9UDW1/P54886/O43175/P30519/O75438/P28331/Q9UBQ7/Q06830/P14927/P09601/P00374/P11177/P31937
PF00628,PF00628,11,0.5831460365028287,1.1693021455338157,0.23376623376623376,0.9920079920079921,0.9654099624308166,831,"tags=64%, list=35%, signal=42%",Q12830/Q92794/Q9BY66/Q9UPN9/Q14839/Q9BTC0/Q13263
PF14604,PF14604,10,0.5572050597264471,1.1084864260850549,0.3256743256743257,0.9920079920079921,0.9654099624308166,57,"tags=10%, list=2%, signal=10%",Q9Y5K6
PF00169,PF00169,14,0.5301834421942209,1.0823016367399236,0.34165834165834164,0.9920079920079921,0.9654099624308166,311,"tags=21%, list=13%, signal=19%",Q96SU4/P52735/Q9UKG1
PS50862,PS50862,10,0.5409843379867284,1.076217426448533,0.3706293706293706,0.9920079920079921,0.9654099624308166,565,"tags=50%, list=24%, signal=38%",P12081/Q15046/Q9Y285/Q9BW92/P41250
PS50297,PS50297,19,0.5073637226867116,1.0674991938331344,0.36863136863136864,0.9920079920079921,0.9654099624308166,257,"tags=21%, list=11%, signal=19%",P42771/Q8IWZ3/Q9P2R3/Q6W2J9
PF03144,PF03144,10,0.534037130487393,1.062396867791025,0.3926073926073926,0.9920079920079921,0.9654099624308166,936,"tags=60%, list=39%, signal=37%",P68104/O00178/P15170/P13639/Q9Y450/Q05639
PS50082,PS50082,50,0.46601448225040326,1.0582328366245919,0.3276723276723277,0.9920079920079921,0.9654099624308166,900,"tags=50%, list=38%, signal=32%",Q9H7D7/O95834/O43684/Q15061/Q9BR76/Q9GZL7/Q9BV38/P55735/O94979/P53621/Q9NRL3/Q9Y3F4/Q9GZS3/Q8TEQ6/Q5TAQ9/P57737/Q9NRG9/O75717/O75083/Q9Y263/Q16576/Q149M9/Q09028/Q9HCU5/Q9C0C7
PS00018,PS00018,28,0.4860501058491021,1.0563220030487908,0.37162837162837165,0.9920079920079921,0.9654099624308166,608,"tags=29%, list=25%, signal=22%",Q8IXI1/P31949/O95202/P42566/P28676/Q15293/O43852/P13797
PS00518,PS00518,16,0.508430962707626,1.0558172295202823,0.3926073926073926,0.9920079920079921,0.9654099624308166,930,"tags=50%, list=39%, signal=31%",Q99590/Q96EP0/Q96F44/P78317/Q9UPN9/Q99496/O15541/Q1L5Z9
PF00595,PF00595,26,0.4857694666550818,1.0514621932122594,0.3776223776223776,0.9920079920079921,0.9654099624308166,785,"tags=42%, list=33%, signal=29%",O14745/Q96L92/P50479/Q9UDY2/Q07157/P55196/Q8TEW0/Q12923/O00151/Q5EBL8/Q8TEU7
PS50005,PS50005,32,0.47650857645603184,1.044696446437253,0.3826173826173826,0.9920079920079921,0.9654099624308166,453,"tags=25%, list=19%, signal=21%",Q99614/O15460/O43765/Q6PD62/Q99615/Q15006/Q9UNE7/O00170
PF00400,PF00400,50,0.45899930980328923,1.0423026753938274,0.36063936063936064,0.9920079920079921,0.9654099624308166,900,"tags=50%, list=38%, signal=32%",Q9H7D7/O95834/O43684/Q15061/Q9BR76/Q9GZL7/Q9BV38/P55735/P53621/Q9NRL3/Q9Y3F4/Q9GZS3/Q8TEQ6/Q5TAQ9/Q6RFH5/P57737/Q9NRG9/O75717/O75083/Q9Y263/Q16576/Q149M9/Q09028/Q9HCU5/Q9C0C7
PF00009,PF00009,12,0.5126158717180511,1.0341229019349374,0.42857142857142855,0.9920079920079921,0.9654099624308166,936,"tags=58%, list=39%, signal=36%",P68104/O00178/P15170/P13639/Q9Y450/Q7Z2Z2/Q05639
PS51722,PS51722,12,0.5126158717180511,1.0341229019349374,0.42857142857142855,0.9920079920079921,0.9654099624308166,936,"tags=58%, list=39%, signal=36%",P68104/O00178/P15170/P13639/Q9Y450/Q7Z2Z2/Q05639
PS50294,PS50294,51,0.4534304973537745,1.0301364295233417,0.4005994005994006,0.9920079920079921,0.9654099624308166,900,"tags=49%, list=38%, signal=31%",Q9H7D7/O95834/O43684/Q15061/Q9BR76/Q9GZL7/Q9BV38/P55735/O94979/P53621/Q9NRL3/Q9Y3F4/Q9GZS3/Q8TEQ6/Q5TAQ9/P57737/Q9NRG9/O75717/O75083/Q9Y263/Q16576/Q149M9/Q09028/Q9HCU5/Q9C0C7
PS00178,PS00178,12,0.5084646671923154,1.0257484915674011,0.44655344655344653,0.9920079920079921,0.9654099624308166,1013,"tags=67%, list=42%, signal=39%",P26640/Q9Y2Z4/Q5ST30/P47897/Q15031/P54136/P23381/P41252
PS50293,PS50293,34,0.4610253865071567,1.0176338690374473,0.4355644355644356,0.9920079920079921,0.9654099624308166,453,"tags=24%, list=19%, signal=19%",Q99614/O15460/O43765/Q6PD62/Q99615/Q15006/Q9UNE7/O00170
ENZYME_5,ENZYME_5,25,0.4690334764867313,1.0126885700012922,0.4675324675324675,0.9920079920079921,0.9654099624308166,590,"tags=32%, list=25%, signal=24%",Q96PE7/Q14376/P14174/O60832/Q9NPH2/P07237/O95394/Q96G03
PS50106,PS50106,27,0.4644935374168028,1.006701397587098,0.4725274725274725,0.9920079920079921,0.9654099624308166,785,"tags=41%, list=33%, signal=28%",O14745/Q96L92/P50479/Q9UDY2/Q07157/P55196/Q8TEW0/Q12923/O00151/Q5EBL8/Q8TEU7
PS50835,PS50835,11,0.4982226900696163,0.9990170968935423,0.4965034965034965,0.9920079920079921,0.9654099624308166,659,"tags=36%, list=28%, signal=26%",Q9BY67/Q13308/P13591/P15151
PS50089,PS50089,29,0.45534545637118506,0.9919785997316831,0.5004995004995005,0.9920079920079921,0.9654099624308166,930,"tags=45%, list=39%, signal=28%",P98170/Q99590/Q96F44/P78317/Q6UWE0/Q9Y3C5/Q9UPN9/Q99496/Q9NVW2/Q13263/O15541/Q96T51/Q1L5Z9
PS50003,PS50003,25,0.4570517331272372,0.9868188290187594,0.5204795204795205,0.9920079920079921,0.9654099624308166,311,"tags=16%, list=13%, signal=14%",Q9BZF3/Q96SU4/P52735/Q9UKG1
PS00014,PS00014,21,0.46289157778325907,0.9850471332618967,0.5094905094905094,0.9920079920079921,0.9654099624308166,568,"tags=38%, list=24%, signal=29%",Q8IXB1/Q9HCN8/Q14554/Q9BS26/P14625/P07237/Q15293/P50454
ENZYME_4,ENZYME_4,20,0.45868288220363773,0.9709831221344201,0.5524475524475524,0.9920079920079921,0.9654099624308166,1291,"tags=85%, list=54%, signal=39%",Q6YP21/P30084/P00918/P13929/Q16822/Q99798/P32929/P35914/P07954/P09972/P06733/P35520/P22234/P40939/Q04760/P30566/O43306
PS50222,PS50222,31,0.437400610873056,0.9575007926428717,0.5874125874125874,0.9920079920079921,0.9654099624308166,608,"tags=26%, list=25%, signal=19%",Q8IXI1/P31949/O95202/P42566/P28676/Q15293/O43852/P13797
PF00168,PF00168,10,0.4772980692833942,0.9495219430652533,0.5714285714285714,0.9920079920079921,0.9654099624308166,928,"tags=40%, list=39%, signal=25%",Q6WKZ4/Q9BSJ8/Q9UJF2/Q6P1N0
PS50174,PS50174,13,0.4682362859828396,0.9481047011826828,0.5694305694305695,0.9920079920079921,0.9654099624308166,674,"tags=46%, list=28%, signal=33%",Q96BK5/Q96I25/Q8IWX8/P52756/Q9UKJ3/Q92917
PS52002,PS52002,10,0.47302152486876503,0.9410143185356168,0.5844155844155844,0.9920079920079921,0.9654099624308166,519,"tags=30%, list=22%, signal=24%",O15116/P62318/Q3MHD2
PS50021,PS50021,24,0.43420915175721253,0.9332222731584698,0.6153846153846154,0.9920079920079921,0.9654099624308166,700,"tags=38%, list=29%, signal=27%",Q15691/Q5T5Y3/P52735/Q8NDI1/Q9HBI1/Q08AD1/Q86VS8/P13797/Q15417
ENZYME_3,ENZYME_3,123,0.39203711819391857,0.9331343148090635,0.7432567432567433,0.9920079920079921,0.9654099624308166,1009,"tags=46%, list=42%, signal=28%",P36542/Q9UHY7/Q92889/Q9NR31/Q9Y303/P35573/Q15904/Q01432/O75964/P36873/Q13838/P30041/P60900/Q13724/P68104/P52888/P16615/P14735/P24539/P25786/Q96IV0/Q01780/P39748/P23526/P30049/Q92900/Q9UKK9/O14672/Q9BQ52/Q99538/Q9Y2L1/Q99575/Q9Y6A9/Q9BTY2/Q9NPH0/P08236/P28074/P09936/P20618/O75643/Q14697/Q9UHI6/Q9BU02/Q99436/Q9BY50/O00571/P55265/Q15181/Q7L014/Q7Z2Z2/Q05639/Q14562/P28066/Q01433/P25705/P07711
PF02037,PF02037,11,0.46456975960342495,0.931537526881191,0.6033966033966034,0.9920079920079921,0.9654099624308166,1233,"tags=73%, list=52%, signal=35%",Q9UKV3/Q9BUJ2/Q8IX12/Q9NWH9/Q1KMD3/P12956/P82979/Q00839
PS50800,PS50800,11,0.46456975960342495,0.931537526881191,0.6033966033966034,0.9920079920079921,0.9654099624308166,1233,"tags=73%, list=52%, signal=35%",Q9UKV3/Q9BUJ2/Q8IX12/Q9NWH9/Q1KMD3/P12956/P82979/Q00839
PS51352,PS51352,21,0.4360648280781756,0.9279590068840601,0.6223776223776224,0.9920079920079921,0.9654099624308166,334,"tags=29%, list=14%, signal=25%",Q8IXB1/P30041/Q14554/Q13162/O95881/Q9BS26
PF01585,PF01585,12,0.45394791004378987,0.9157694015373445,0.6313686313686314,0.9920079920079921,0.9654099624308166,652,"tags=42%, list=27%, signal=30%",Q96BK5/Q96I25/Q8IWX8/P52756/Q9UKJ3
PF12796,PF12796,17,0.43384417059669866,0.9052249911223986,0.6653346653346653,0.9920079920079921,0.9654099624308166,257,"tags=18%, list=11%, signal=16%",Q8IWZ3/Q9P2R3/Q6W2J9
PF00018,PF00018,14,0.44218344328186526,0.9026609024654194,0.6613386613386614,0.9920079920079921,0.9654099624308166,1091,"tags=57%, list=46%, signal=31%",Q9Y5K6/P07947/Q99961/Q00013/P62993/Q92783/Q13813/Q15642
PS00678,PS00678,35,0.40441220252409815,0.8936279286248664,0.7402597402597403,0.9920079920079921,0.9654099624308166,900,"tags=46%, list=38%, signal=29%",Q9BR76/Q9GZL7/Q9BV38/P53621/Q9NRL3/Q9Y3F4/Q9GZS3/Q8TEQ6/P57737/Q9NRG9/O75717/O75083/Q16576/Q149M9/Q09028/Q9C0C7
PS00183,PS00183,10,0.44863508830045656,0.8925006996359155,0.6593406593406593,0.9920079920079921,0.9654099624308166,908,"tags=60%, list=38%, signal=37%",P61086/O00762/P51965/Q16763/Q712K3/P63279
ENZYME_6,ENZYME_6,71,0.3833467349509918,0.8862493053222367,0.8231768231768232,0.9920079920079921,0.9654099624308166,1251,"tags=56%, list=52%, signal=28%",Q14669/P26640/O95573/P61086/P12081/O95071/Q9NSD9/Q15046/O00762/P22102/Q9UNE7/P51965/P15104/Q9Y285/Q9Y2Z4/Q9BW92/Q5ST30/P49588/P41250/Q9Y385/P47897/Q15031/Q16763/Q712K3/P63279/P26639/P54136/P23381/P41252/Q9NR09/P22234/P54577/P11586/Q9UBT2/P49915/P22314/P07814/O43776/P48506/P49459
PS00194,PS00194,12,0.43725891380792475,0.8821019437585371,0.6963036963036963,0.9920079920079921,0.9654099624308166,502,"tags=33%, list=21%, signal=26%",Q8IXB1/Q14554/O95881/P07237
PS00107,PS00107,32,0.39980082949049195,0.8765225359798369,0.7482517482517482,0.9920079920079921,0.9654099624308166,979,"tags=34%, list=41%, signal=21%",P06213/Q15418/P36507/P07947/P06493/O43318/Q99986/O95747/P49840/Q96RR4/Q9BUB5
PS50004,PS50004,11,0.4364507093485375,0.8751542819729431,0.7012987012987013,0.9920079920079921,0.9654099624308166,928,"tags=36%, list=39%, signal=22%",Q6WKZ4/Q9BSJ8/Q9UJF2/Q6P1N0
PS50088,PS50088,18,0.41290782761744294,0.864486896445111,0.7262737262737263,0.9920079920079921,0.9654099624308166,257,"tags=17%, list=11%, signal=15%",Q8IWZ3/Q9P2R3/Q6W2J9
PS50084,PS50084,19,0.40386561632687906,0.849737970154556,0.7552447552447552,0.9920079920079921,0.9654099624308166,1110,"tags=58%, list=46%, signal=31%",Q8IWZ3/P51114/Q92667/Q15366/Q96I24/Q15365/Q15637/P51116/P61978/Q8TCS8/A1L020
PS50103,PS50103,13,0.4158194956913204,0.8419689599255057,0.7542457542457542,0.9920079920079921,0.9654099624308166,1311,"tags=62%, list=55%, signal=28%",Q7Z2W4/Q9UPT8/O15541/Q5T8P6/O75152/Q9NR56/Q6PJT7/Q9UGR2
PS50011,PS50011,38,0.375906277184719,0.835815854182732,0.8471528471528471,0.9920079920079921,0.9654099624308166,979,"tags=37%, list=41%, signal=22%",P06213/Q15418/P36507/Q9H4A3/P07947/Q13308/P06493/O43318/Q6P3W7/Q99986/O95747/P49840/Q96RR4/Q9BUB5
PS00039,PS00039,11,0.41335814249552394,0.828849949478383,0.7582417582417582,0.9920079920079921,0.9654099624308166,1250,"tags=73%, list=52%, signal=35%",Q8TDD1/Q9UHI6/O00571/P60842/Q7L014/Q14240/Q9NVP1/P17844
PS01159,PS01159,11,0.4071317309249644,0.816364986960085,0.7752247752247752,0.9920079920079921,0.9654099624308166,407,"tags=18%, list=17%, signal=15%",Q9BTA9/Q9BYW2
PF00271,PF00271,34,0.36965594095427656,0.8159516079059544,0.8591408591408591,0.9920079920079921,0.9654099624308166,1313,"tags=62%, list=55%, signal=28%",Q13838/Q8N3C0/O60264/Q7Z478/Q8TDD1/Q14839/P51531/P51532/O75643/Q9UHI6/O00571/P60842/Q7L014/Q14562/O14646/Q14240/Q08211/Q9NVP1/P17844/Q7L2E3/Q9H2U1
PS51194,PS51194,34,0.36965594095427656,0.8159516079059544,0.8591408591408591,0.9920079920079921,0.9654099624308166,1313,"tags=62%, list=55%, signal=28%",Q13838/Q8N3C0/O60264/Q7Z478/Q8TDD1/Q14839/P51531/P51532/O75643/Q9UHI6/O00571/P60842/Q7L014/Q14562/O14646/Q14240/Q08211/Q9NVP1/P17844/Q7L2E3/Q9H2U1
PS51192,PS51192,33,0.36996071685573506,0.8149390091516041,0.8571428571428571,0.9920079920079921,0.9654099624308166,1313,"tags=64%, list=55%, signal=29%",Q13838/Q8N3C0/O60264/Q7Z478/Q8TDD1/Q14839/P51531/P51532/O75643/Q9UHI6/O00571/P60842/Q7L014/Q14562/O14646/Q14240/Q08211/Q9NVP1/P17844/Q7L2E3/Q9H2U1
PF00179,PF00179,15,0.39392852156058,0.8108902781540095,0.8031968031968032,0.9920079920079921,0.9654099624308166,1021,"tags=53%, list=43%, signal=31%",P61086/O00762/P51965/Q9Y385/Q16763/Q712K3/P63279/Q9NR09
PS50127,PS50127,15,0.39392852156058,0.8108902781540095,0.8031968031968032,0.9920079920079921,0.9654099624308166,1021,"tags=53%, list=43%, signal=31%",P61086/O00762/P51965/Q9Y385/Q16763/Q712K3/P63279/Q9NR09
PF00240,PF00240,12,0.39679936206360134,0.8004810822729228,0.8051948051948052,0.9920079920079921,0.9654099624308166,1169,"tags=42%, list=49%, signal=21%",P46379/Q15843/P11441/Q15459/O14562
PS50053,PS50053,13,0.39389489206762646,0.7975750921509076,0.8161838161838162,0.9920079920079921,0.9654099624308166,1169,"tags=38%, list=49%, signal=20%",P46379/Q15843/P11441/Q15459/O14562
PF00498,PF00498,12,0.3930784827647297,0.7929747862126728,0.8141858141858141,0.9920079920079921,0.9654099624308166,1362,"tags=58%, list=57%, signal=25%",P46013/P55196/P85037/Q5SW79/O60934/Q14676/Q14BN4
PF00013,PF00013,20,0.37234292224369453,0.7882105637077748,0.8501498501498501,0.9920079920079921,0.9654099624308166,1110,"tags=55%, list=46%, signal=30%",Q8IWZ3/P51114/Q92667/Q15366/Q96I24/Q15365/Q15637/P51116/P61978/Q8TCS8/A1L020
PF00307,PF00307,19,0.37094567068969087,0.7804740203344216,0.8501498501498501,0.9920079920079921,0.9654099624308166,351,"tags=16%, list=15%, signal=14%",Q15691/Q8NDI1/Q9HBI1
PS50157,PS50157,27,0.3584962642143406,0.7769724681669486,0.8931068931068931,0.9920079920079921,0.9654099624308166,1032,"tags=48%, list=43%, signal=28%",Q9H7S9/Q96F45/Q96JM3/P17028/P52756/P56270/Q9UKJ3/Q02447/Q9H2P0/O00488/P98175/Q96DT7/Q9P0J7
PS50020,PS50020,12,0.38410329892851625,0.7748687468444467,0.8391608391608392,0.9920079920079921,0.9654099624308166,407,"tags=17%, list=17%, signal=14%",Q9BTA9/Q9BYW2
PF03810,PF03810,10,0.38916386578669043,0.7741904981248995,0.8191808191808192,0.9920079920079921,0.9654099624308166,1062,"tags=60%, list=44%, signal=33%",O43592/Q8TEX9/O95373/Q92973/O14787/P55060
PS50102,PS50102,100,0.3262880243939502,0.7688566715222828,0.99000999000999,0.9920079920079921,0.9654099624308166,1283,"tags=47%, list=54%, signal=23%",Q8WXA9/O95758/Q01130/Q01844/Q16629/P84103/Q86V81/Q96T37/Q05519/Q13247/O75821/Q9UKM9/P52756/Q13151/Q92804/O43390/Q13283/Q96T58/P22626/P14866/Q76FK4/Q9Y5S9/P55884/Q9NWH9/P18615/Q5T8P6/P23246/P98175/Q9UN86/Q14103/Q9BYG3/Q15717/P05455/Q92879/Q9NTZ6/Q9BTD8/P26368/P31943/Q15427/Q9UNP9/P19338/P11940/Q15056/O14979/Q8WUA2/Q13148/P38159
PS50006,PS50006,11,0.3830010126430201,0.7679789928966363,0.8471528471528471,0.9920079920079921,0.9654099624308166,1362,"tags=55%, list=57%, signal=24%",P46013/P85037/Q5SW79/O60934/Q14676/Q14BN4
PF00160,PF00160,10,0.3853410456991524,0.7665854986683591,0.8341658341658341,0.9920079920079921,0.9654099624308166,1325,"tags=80%, list=55%, signal=36%",P45877/O43447/Q08752/P62937/P49792/Q9UNP9/Q8WUA2/Q9Y3C6
PS50072,PS50072,10,0.3853410456991524,0.7665854986683591,0.8341658341658341,0.9920079920079921,0.9654099624308166,1325,"tags=80%, list=55%, signal=36%",P45877/O43447/Q08752/P62937/P49792/Q9UNP9/Q8WUA2/Q9Y3C6
PF00076,PF00076,98,0.324979363473458,0.7653955727059405,0.9920079920079921,0.9920079920079921,0.9654099624308166,1283,"tags=48%, list=54%, signal=23%",Q8WXA9/Q01130/Q01844/Q16629/P84103/Q96I25/Q86V81/Q96T37/Q05519/Q13247/O75821/Q9UKM9/P52756/Q13151/Q92804/O43390/Q13283/Q96T58/P22626/P14866/Q76FK4/Q9Y5S9/Q9NVM6/P55884/Q9NWH9/P18615/P23246/P98175/Q9UN86/Q14103/Q9BYG3/Q15717/P05455/Q92879/Q9NTZ6/Q9BTD8/P26368/P31943/Q15427/Q9UNP9/P19338/P11940/Q15056/O14979/Q8WUA2/Q13148/P38159
PS50002,PS50002,33,0.34440890565425614,0.7586542017278959,0.929070929070929,0.9920079920079921,0.9654099624308166,1091,"tags=39%, list=46%, signal=22%",Q9Y5K6/Q9UDY2/P52735/Q07157/P07947/Q9UQB8/Q99961/Q9UNF0/Q00013/P62993/Q92783/Q13813/Q15642
PF00085,PF00085,14,0.37002157673027214,0.7553516882135216,0.8741258741258742,0.9920079920079921,0.9654099624308166,502,"tags=29%, list=21%, signal=23%",Q8IXB1/Q14554/Q9BS26/P07237
PF00270,PF00270,25,0.34730683927943184,0.7498690052062973,0.9150849150849151,0.9920079920079921,0.9654099624308166,1313,"tags=64%, list=55%, signal=29%",Q13838/Q8N3C0/Q7Z478/Q8TDD1/O75643/Q9UHI6/O00571/P60842/Q7L014/Q14562/Q14240/Q08211/Q9NVP1/P17844/Q7L2E3/Q9H2U1
PS51419,PS51419,13,0.36633831719294885,0.7417773699980117,0.8821178821178821,0.9920079920079921,0.9654099624308166,1424,"tags=69%, list=60%, signal=28%",Q9BW83/P62491/Q13637/P61026/Q9ULC3/P51149/P62826/P61006/Q15907
PF00071,PF00071,16,0.35223689457060736,0.7314617114973521,0.9080919080919081,0.9920079920079921,0.9654099624308166,756,"tags=31%, list=32%, signal=22%",Q8IXI1/Q9BW83/P62491/Q13637/P61026
PF00412,PF00412,13,0.35930641241790734,0.727538870814866,0.9000999000999002,0.9920079920079921,0.9654099624308166,491,"tags=23%, list=21%, signal=18%",P50479/Q93052/Q15654
PS00478,PS00478,13,0.35930641241790734,0.727538870814866,0.9000999000999002,0.9920079920079921,0.9654099624308166,491,"tags=23%, list=21%, signal=18%",P50479/Q93052/Q15654
PS50023,PS50023,13,0.35930641241790734,0.727538870814866,0.9000999000999002,0.9920079920079921,0.9654099624308166,491,"tags=23%, list=21%, signal=18%",P50479/Q93052/Q15654
PF00069,PF00069,30,0.33306271514122904,0.7260539694608584,0.954045954045954,0.9920079920079921,0.9654099624308166,979,"tags=33%, list=41%, signal=20%",Q15418/P36507/Q9H4A3/P06493/Q6P3W7/Q99986/O95747/P49840/Q96RR4/Q9BUB5
PS00108,PS00108,27,0.33444727711231226,0.724850862641915,0.9500499500499501,0.9920079920079921,0.9654099624308166,1324,"tags=48%, list=55%, signal=22%",Q15418/P36507/Q9H4A3/P06493/O43318/Q99986/P49840/Q96RR4/Q9BUB5/P25098/Q13177/Q13546/Q13153
PF00012,PF00012,10,0.35402792353509416,0.704292146748256,0.8911088911088911,0.9920079920079921,0.9654099624308166,1306,"tags=80%, list=55%, signal=36%",P17066/P48723/P34931/Q92598/P34932/P11142/P11021/P38646
PS01036,PS01036,10,0.35402792353509416,0.704292146748256,0.8911088911088911,0.9920079920079921,0.9654099624308166,1306,"tags=80%, list=55%, signal=36%",P17066/P48723/P34931/Q92598/P34932/P11142/P11021/P38646
PS51195,PS51195,16,0.3268253320421123,0.6786915863190283,0.9600399600399601,0.9920079920079921,0.9654099624308166,1250,"tags=56%, list=52%, signal=27%",Q13838/Q8TDD1/Q9UHI6/O00571/P60842/Q7L014/Q14240/Q9NVP1/P17844
PS00028,PS00028,27,0.3039941866262763,0.6588495810662164,0.987012987012987,0.9920079920079921,0.9654099624308166,952,"tags=37%, list=40%, signal=23%",Q7Z570/Q96JM3/P17028/P56270/Q9UKJ3/Q96NB3/Q02447/Q9H2P0/O00488/Q96DT7
PS00019,PS00019,10,0.3253855025836224,0.6473118048064442,0.939060939060939,0.9920079920079921,0.9654099624308166,1354,"tags=50%, list=57%, signal=22%",P13797/Q14315/Q01082/O75369/P21333
PS00020,PS00020,10,0.3253855025836224,0.6473118048064442,0.939060939060939,0.9920079920079921,0.9654099624308166,1354,"tags=50%, list=57%, signal=22%",P13797/Q14315/Q01082/O75369/P21333
PF00096,PF00096,13,0.28496320348120396,0.5770055866505581,0.987012987012987,0.9920079920079921,0.9654099624308166,1618,"tags=69%, list=68%, signal=22%",P17028/P56270/Q02447/Q96DT7/Q9UQR1/P49711/P17029/P08047/Q9Y467
